,GroupID,PatientID,Patient Acct #,First Name,MI,Last Name,Date of Birth,Sex,Current Street 1,Current Street 2,Current City,Current State,Current Zip Code,Previous First Name,Previous MI,Previous Last Name,Previous Street 1,Previous Street 2,Previous City,Previous State,Previous Zip Code,Zip Code String,National Area,Sectional Center,Delivery Area,dob_string,rnaFirstName,rnaLastName,cleaned street,full_name_hash,partial_name_hash,grouping
0,1,1,247028705-7,Sutton,J,Power,9/20/1945,M,1858 Sullivan Parkway,0,Fresno,CA,93726.0,0,0,0,2 Erie Crossing,Apt 9,Mount Vernon,New York,10557.0,93726,9,37,26,19450920,Sutton,Power,"['1858', 'sullivan', 'parkway']",f513a340f370e0d1e213cbe5a7e030f3c3729928~Power,8904f84c4af7db2bba24968b9628c21a678941bb~Pow,0
1,1,2,0,Suttin,James,Power,9/21/1945,M,1859 Sullivan Parkway,#2,Fresno,CA,93726.0,0,0,0,2 Erie Crossing,Apartment # 9,Mount Vernon,New York,10557.0,93726,9,37,26,19450921,Suttin,Power,"['1859', 'sullivan', 'parkway']",cb4eb0277fecfbdee00d5951d5e4e4f1cabbe283~Power,4e82ecca5923b548d8f4e9583e378401046302b4~Pow,0
2,1,3,247028705-7,Sutton,J,Power,9/20/1945,M,1858 Sullivan Parkway,0,Fresno,CA,93726.0,0,0,0,0,0,0,0,0.0,93726,9,37,26,19450920,Sutton,Power,"['1858', 'sullivan', 'parkway']",f513a340f370e0d1e213cbe5a7e030f3c3729928~Power,8904f84c4af7db2bba24968b9628c21a678941bb~Pow,0
3,1,4,0,Sutton,0,Power,9/20/1954,M,1858 Sullivan Parkway,0,Fresno,CA,93726.0,0,0,0,0,0,0,0,0.0,93726,9,37,26,19540920,Sutton,Power,"['1858', 'sullivan', 'parkway']",d31c28f50fed0591d910c358b3d1fa93b05f49e0~Power,944a54f27ba70e232d8ed8c541e5af2df06d2dc1~Pow,1
4,1,5,0,SUTTON,0,POWER,9/20/1954,M,1858 SULLIVAN PKWAY,APT 2,FRESNO,CA,93726.0,0,0,0,0,0,0,0,0.0,93726,9,37,26,19540920,SUTTON,POWER,"['1858', 'sullivan', 'pkway']",63fae202660839596baf56a46c6396dbd629705b~POWER,73cdae46281d17b0df93453d065f05a419f85cb2~POW,2
5,2,6,0,Sutton,0,Powers,12/15/2000,F,1619 Maple Lane,0,Fresno,CA,93726.0,Sutton,0,Lore,0,0,0,0,0.0,93726,9,37,26,20001215,Sutton,Powers,"['1619', 'maple', 'lane']",f2afb3a66cc1e0800891c549f1cec847d265ffcd~Powers,ba3397308dd41e718e805f54b5d3c8a8126ba68c~Pow,1
6,2,7,0,Sutton,0,Powers,12/15/2000,F,1619 Maple Lane,0,Fresno,CA,93726.0,0,0,0,0,0,0,0,0.0,93726,9,37,26,20001215,Sutton,Powers,"['1619', 'maple', 'lane']",f2afb3a66cc1e0800891c549f1cec847d265ffcd~Powers,ba3397308dd41e718e805f54b5d3c8a8126ba68c~Pow,1
7,3,8,757393348-7,Mikel,L,Trayton,9/20/2000,M,715 Jana Point,0,ApacheJunction,AZ,85219.0,0,0,0,81089 Kenwood Park,0,Chattanooga,Tennessee,37416.0,85219,8,52,19,20000920,Mikel,Trayton,"['715', 'jana', 'point']",0bc2a2763ff1c513fc03ba8769467d13c622985d~Trayton,d904fd02703572580c9aaffbcd8db7306a9f7db3~Tra,3
8,3,9,757393348-7,Mikel,Lee,Trayton,9/20/2000,M,715 Jana Point,0,ApacheJunction,AZ,85219.0,0,0,0,81089 Kenwood Park,0,Chattanooga,Tennessee,37416.0,85219,8,52,19,20000920,Mikel,Trayton,"['715', 'jana', 'point']",0bc2a2763ff1c513fc03ba8769467d13c622985d~Trayton,d904fd02703572580c9aaffbcd8db7306a9f7db3~Tra,3
9,3,10,757393348-7,Michael,0,Trayton,9/20/2000,M,715 Jana Point,0,ApacheJunction,AZ,85219.0,0,0,0,81089 Kenwood Park,7,Chattanooga,Tennessee,37416.0,85219,8,52,19,20000920,Michael,Trayton,"['715', 'jana', 'point']",0951d40c4ed28aa17f235c685456b7aeeb40cb3d~Trayton,b55377afc9a7de2a8659158576cb7f405a401491~Tra,3
10,3,11,0,Mike,0,Trayton,9/2/2000,M,715 Jana Point,0,ApacheJunction,AZ,85219.0,0,0,0,0,0,0,0,0.0,85219,8,52,19,20000902,Mike,Trayton,"['715', 'jana', 'point']",61342d779436eb501e1377fdc3094b39b6a3dfee~Trayton,eaa19ccedc7ae0ddaae8dc35b27d3b2bf789c0f8~Tra,3
11,3,12,757393348-7,Mikel,0,Trayton,9/20/2000,M,715 Jana Point,0,ApacheJunction,AZ,85219.0,0,0,0,0,0,0,0,0.0,85219,8,52,19,20000920,Mikel,Trayton,"['715', 'jana', 'point']",0bc2a2763ff1c513fc03ba8769467d13c622985d~Trayton,d904fd02703572580c9aaffbcd8db7306a9f7db3~Tra,3
12,3,13,0,Mikel,L,Trayton,9/20/2000,F,715 Jana Point,DO NOT MAIL,ApacheJunction,AZ,85219.0,0,0,0,0,0,0,0,0.0,85219,8,52,19,20000920,Mikel,Trayton,"['715', 'jana', 'point']",0b89b68edf948c1c1f3fce24083819460519aa10~Trayton,94765f8086c35b121e7a47a6c9de3667cae79701~Tra,4
13,4,14,930819916-0,Dalia,0,Bibb,12/7/1939,F,78 Talmadge Drive,0,Jamaica,NY,11447.0,0,0,0,389 Hollow Ridge Pass,Ste 24,Macon,Georgia,31205.0,11447,1,14,47,19391207,Dalia,Bibb,"['78', 'talmadge', 'drive']",1a93aaa140fcf3abba90eeae8b1763ba832e23bc~Bibb,fec69a90f2a1f4b425c2b8fd240941fa38c05a1d~Bib,5
14,4,15,0,Dalia,0,Bibb,12/7/1939,F,78 Talmadge Drive,0,Jamaica,NY,11447.0,0,0,0,0,0,0,0,0.0,11447,1,14,47,19391207,Dalia,Bibb,"['78', 'talmadge', 'drive']",1a93aaa140fcf3abba90eeae8b1763ba832e23bc~Bibb,fec69a90f2a1f4b425c2b8fd240941fa38c05a1d~Bib,5
15,5,16,887103871-1,Myrvyn,0,Buddock,4/11/1946,M,264 Judy Pass,0,Anaheim,CA,92812.0,0,0,0,02 Sauthoff Park,# 587,Cincinnati,Ohio,45208.0,92812,9,28,12,19460411,Myrvyn,Buddock,"['264', 'judy', 'pass']",555f8ba37c693412459062c8ba2c3b2501764678~Buddock,6d2072b2c6a21fe04e0932a969a8226e9d88d98f~Bud,6
16,5,17,0,Mervin,T,Buddock,4/11/1946,M,264 Judy Pass,0,Anaheim,CA,92812.0,0,0,0,0,0,0,0,0.0,92812,9,28,12,19460411,Mervin,Buddock,"['264', 'judy', 'pass']",96eb9767f97277c90352e7d03e5e031a8c35cdde~Buddock,f56965cdffb48494a0a0587bf4244c9a94b92ac8~Bud,6
17,5,18,0,Myrvin,0,Buddock,4/11/1946,M,264 Judy Pass,0,Anaheim,CA,92812.0,0,0,0,0,0,0,0,0.0,92812,9,28,12,19460411,Myrvin,Buddock,"['264', 'judy', 'pass']",c13f3a7ce2fa8a3fbccfe44ecd6eb5ad09ec7006~Buddock,6d2072b2c6a21fe04e0932a969a8226e9d88d98f~Bud,6
18,5,19,0,Mervyn,0,Buddock,4/11/1946,M,264 Judy Pass,0,Anaheim,CA,92812.0,0,0,0,02-Sauthoff Park,Apt 587,Cincinnati,Ohio,45208.0,92812,9,28,12,19460411,Mervyn,Buddock,"['264', 'judy', 'pass']",56910fe0744c71c2bb108174e38282f272bc74a4~Buddock,f56965cdffb48494a0a0587bf4244c9a94b92ac8~Bud,6
19,6,20,0,Mervin,0,Buddock,12/15/2000,M,251030 Golf Bolling,0,Anaheim,CA,92812.0,0,0,0,0,0,0,0,0.0,92812,9,28,12,20001215,Mervin,Buddock,"['251030', 'golf', 'bolling']",44df14b2531ff532a51f71e5ed83464cb9cee82d~Buddock,99da01f07c6bb0dfdd3872f45343b397beb77698~Bud,6
20,7,21,146899396-8,Cammy,0,Windless,4/18/1984,F,142 Summer Ridge Place,0,Fresno,CA,93709.0,0,0,0,0,0,0,0,0.0,93709,9,37,9,19840418,Cammy,Windless,"['142', 'summer', 'ridge', 'place']",d00c1938c209f5cec301e750a45808667970571a~Windless,f901424e8f661065fc43f77e6d2b6424e62f0b9e~Win,7
21,7,22,CAM123,Cam,0,Windless,4/18/1984,F,142 Summer Ridge Place,0,Fresno,CA,93709.0,Cam,0,Windless,0,0,0,0,0.0,93709,9,37,9,19840418,Cam,Windless,"['142', 'summer', 'ridge', 'place']",f901424e8f661065fc43f77e6d2b6424e62f0b9e~Windless,f901424e8f661065fc43f77e6d2b6424e62f0b9e~Win,7
22,7,23,0,Cameron,0,Windles,4/18/1984,F,142 Summer Ridge Place,0,Fresno,CA,93709.0,0,0,0,1 Merchant Hill,3539,Brooklyn,New York,11220.0,93709,9,37,9,19840418,Cameron,Windles,"['142', 'summer', 'ridge', 'place']",c7260b0190246caa30f8d5094178903fbab2d496~Windles,f901424e8f661065fc43f77e6d2b6424e62f0b9e~Win,7
23,8,24,075148803-8,Elenore,0,MacDonnell,12/16/1950,F,549 Pearson Plaza,0,Atlanta,GA,31106.0,0,0,0,170 Hanson Alley,# 5096,El Paso,Texas,88535.0,31106,3,11,6,19501216,Elenore,MacDonnell,"['549', 'pearson', 'plaza']",73f96e9a1383b56e55a121cbe0b7b7ae28ab5048~MacDonnell,af0b9d8c8284c973ca4884d50b6078d13881530f~Mac,8
24,8,25,075148803-8,Elenor,0,McDonnell,12/6/1950,F,549 Pearson Plaza,0,Atlanta,GA,31106.0,Elenor,Judith,McDonnell,0,0,0,0,0.0,31106,3,11,6,19501206,Elenor,McDonnell,"['549', 'pearson', 'plaza']",fd624e029b1573d06f577d99400d2a3b8448c1cc~McDonnell,8c3a4307d16466f2167a240965a49b8b7b114ebd~McD,9
25,8,26,075148803-8,Elenora,0,MacDonel,12/16/1950,F,549 Pearson Plaza,0,Atlanta,GA,31106.0,0,0,0,170 Hanson Alley Ste 5096,0,El Paso,Texas,88535.0,31106,3,11,6,19501216,Elenora,MacDonel,"['549', 'pearson', 'plaza']",a30feb3fa3b24c9f89a911bd51aabd766caaa580~MacDonel,af0b9d8c8284c973ca4884d50b6078d13881530f~Mac,8
26,9,27,111421375-6,Janet,0,Biasini,9/28/1949,F,9083 Pennsylvania Parkway,0,Raleigh,NC,27615.0,0,0,0,7350 Calypso Alley,263,Youngstown,Ohio,44511.0,27615,2,76,15,19490928,Janet,Biasini,"['9083', 'pennsylvania', 'parkway']",a57023890b687397e666dde69deca38dab4aa37d~Biasini,18c5b0571d1ff47d8405d15090c9d0690fbc093e~Bia,10
27,9,28,0,Janet,0,Bisini,9/28/1949,F,9083 Pennsylvania Parkway,0,Raleigh,NC,27615.0,Janet,0,Thompsen,7350 Calypso Alley,263,Youngstown,Ohio,44511.0,27615,2,76,15,19490928,Janet,Bisini,"['9083', 'pennsylvania', 'parkway']",a57023890b687397e666dde69deca38dab4aa37d~Bisini,18c5b0571d1ff47d8405d15090c9d0690fbc093e~Bis,10
28,10,29,303748859-X,Darby,0,Steinson,6/14/1991,M,1587 Shopko Parkway Apt 200,0,Houston,TX,77035.0,0,0,0,4 Morningstar Drive,3,Los Angeles,California,90060.0,77035,7,70,35,19910614,Darby,Steinson,"['1587', 'shopko', 'parkway', 'apt', '200']",f9da9c62373b40c2b39576296757b209273d82c7~Steinson,7aac0ada02fdfd3ac6453f561075fd52f7817e42~Ste,11
29,10,30,0,Darbie,0,Steiinson,6/14/1991,M,1587 Shopko Parkway,Apt 200,Houston,TX,77035.0,0,0,0,0,0,0,0,0.0,77035,7,70,35,19910614,Darbie,Steiinson,"['1587', 'shopko', 'parkway']",f04f3d8ef06e3d147e89af99b91c72aedfb58a37~Steiinson,7aac0ada02fdfd3ac6453f561075fd52f7817e42~Ste,11
30,11,31,442427087-4,Maynard,0,Skirvan,4/24/2007,M,485 Hanson Street E,0,Phoenix,AZ,85010.0,0,0,0,1432 Kings Avenue,5833,Jacksonville,Florida,32209.0,85010,8,50,10,20070424,Maynard,Skirvan,"['485', 'hanson', 'street', 'e']",93f696474a600128112d8bc12a0f44e2f5be0094~Skirvan,fe6a8343ab6a837482acda5e57e73213f370f76f~Ski,12
31,11,32,0,Maynard,0,Skirvanne,4/14/2007,M,485 Hanson St.,0,Phoenix,AZ,85010.0,0,0,0,0,0,0,0,0.0,85010,8,50,10,20070414,Maynard,Skirvanne,"['485', 'hanson', 'st']",a3cca07315669bcd24cd3b33df8feed048c8720a~Skirvanne,1f9a775a97b474e3c44dfc516aeab69591387001~Ski,12
32,11,33,99MaynSK,Maynard,0,Skiirvane,4/24/2007,M,485 Hanson Street East,0,Phoenix,AZ,85010.0,0,0,0,0,0,0,0,0.0,85010,8,50,10,20070424,Maynard,Skiirvane,"['485', 'hanson', 'street', 'east']",93f696474a600128112d8bc12a0f44e2f5be0094~Skiirvane,fe6a8343ab6a837482acda5e57e73213f370f76f~Ski,12
33,11,34,MAYN0001,Maynard,0,Skirvane,4/24/2007,F,485 Hanson Street,0,Phoenix,AZ,85010.0,John,T,Skirvane,1432 Kings Avenue,5833,Jacksonville,Florida,32209.0,85010,8,50,10,20070424,Maynard,Skirvane,"['485', 'hanson', 'street']",06f175881ee4248e4171fd3cf736f15eb058035e~Skirvane,779d11251fc5af6e3f77918f1d38430bb56cfa90~Ski,13
34,12,35,0,Dante,0,Willder,4/25/1990,M,0,0,Flint,MI,48550.0,0,0,0,0,0,0,0,0.0,48550,4,85,50,19900425,Dante,Willder,U,9bbc88a7168271bb2e53c7349bb233965c9fa8be~Willder,363d88c564250921825b3ecf0a9bc087da9385b1~Wil,14
35,13,36,0,Dante,0,Wild,4/25/1990,M,0,0,Flint,MI,48550.0,0,0,0,0,0,0,0,0.0,48550,4,85,50,19900425,Dante,Wild,U,9bbc88a7168271bb2e53c7349bb233965c9fa8be~Wild,363d88c564250921825b3ecf0a9bc087da9385b1~Wil,14
36,14,37,942681966-5,Rena,0,Hawkshaw,5/17/2000,F,637 Ryan Crossing,0,PinellasPark,FL,34665.0,0,0,0,4519 Brentwood Road,42,Greensboro,North Carolina,27415.0,34665,3,46,65,20000517,Rena,Hawkshaw,"['637', 'ryan', 'crossing']",47d130669994b0d7f1edd9a5ac200bc3b8a09d77~Hawkshaw,4941f4cf5f18eba6f73684f5cb819d03e6fbf14a~Haw,15
37,15,38,732247743-X,Annetta,0,Delamere,9/27/2000,F,8178 Talisman Center,0,Mesa,AZ,85205.0,Annetta,0,Lopez,6 Russell Crossing,5,Honolulu,Hawaii,96820.0,85205,8,52,5,20000927,Annetta,Delamere,"['8178', 'talisman', 'center']",7316805258ca5ff74cb8e0810fe82b0613f2a216~Delamere,305006e1af6e94c70b64299306e4c56125816653~Del,16
38,15,39,732247743-X,Anne,0,Delamere,9/27/2000,F,8178 Talismen Center,0,Mesa,AZ,85205.0,A,0,Lopes,0,0,0,0,0.0,85205,8,52,5,20000927,Anne,Delamere,"['8178', 'talismen', 'center']",fd44e862bfa28a736f98355a9ddad5585360f765~Delamere,305006e1af6e94c70b64299306e4c56125816653~Del,16
39,15,40,732247743-X,Annette,0,Delamere,9/27/2000,F,8178 Talisman Center E,0,Mesa,AZ,85205.0,0,0,0,0,0,0,0,0.0,85205,8,52,5,20000927,Annette,Delamere,"['8178', 'talisman', 'center', 'e']",dee62fa83a944a98a7563bc6d1fd962a7bc83075~Delamere,305006e1af6e94c70b64299306e4c56125816653~Del,16
40,16,41,732247744-X,Annette,0,Delmar,9/27/2000,F,9154 City View Street,0,Mesa,AZ,85205.0,0,0,0,0,0,0,0,0.0,85205,8,52,5,20000927,Annette,Delmar,"['9154', 'city', 'view', 'street']",dee62fa83a944a98a7563bc6d1fd962a7bc83075~Delmar,305006e1af6e94c70b64299306e4c56125816653~Del,16
41,17,42,0,Robers,0,Gammade,10/12/1945,M,030 Golf Hill,0,Charlotte,NC,28210.0,0,0,0,04125 Northport Hill,5,Phoenix,Arizona,85020.0,28210,2,82,10,19451012,Robers,Gammade,"['030', 'golf', 'hill']",47904cdcbf6c0cccc90f580b6f1c0d58292b8d70~Gammade,9bb980f0ddfe5bacfdd684d3467d1baa1fff66ea~Gam,17
42,17,43,0,Robert,0,Gammade,10/12/1945,M,30 Golf Hill,0,Charlott,NC,28210.0,0,0,0,0,0,0,0,0.0,28210,2,82,10,19451012,Robert,Gammade,"['30', 'golf', 'hill']",d952156e731478fdff98e25fd8a1a166b48b0358~Gammade,9bb980f0ddfe5bacfdd684d3467d1baa1fff66ea~Gam,17
43,17,44,0,Robers,0,Gamade,10/12/1945,M,030 Golf Hill,0,Charlotte,NC,28210.0,0,0,0,04125 North Hill,0,Phoenix,Arizona,85020.0,28210,2,82,10,19451012,Robers,Gamade,"['030', 'golf', 'hill']",47904cdcbf6c0cccc90f580b6f1c0d58292b8d70~Gamade,9bb980f0ddfe5bacfdd684d3467d1baa1fff66ea~Gam,17
44,17,45,897924785-0,Robers,0,Gammade,10/12/1945,M,030 Golf Hill,0,Charlotte,NC,28210.0,0,0,0,04125 Northport Hill,0,Phoenix,Arizona,85020.0,28210,2,82,10,19451012,Robers,Gammade,"['030', 'golf', 'hill']",47904cdcbf6c0cccc90f580b6f1c0d58292b8d70~Gammade,9bb980f0ddfe5bacfdd684d3467d1baa1fff66ea~Gam,17
45,18,46,559877171-3,Tobin,0,Rutigliano,1/1/1970,M,82305 Washington Drive,0,Phoenix,AZ,85083.0,0,0,0,1691 Dahle Point,66911,Danbury,Connecticut,6816.0,85083,8,50,83,19700101,Tobin,Rutigliano,"['82305', 'washington', 'drive']",80d0b4114f40bb24d8aefed32aa6d0bc42b1efc6~Rutigliano,cdd40804f4cd95160086736bd5c720632efc8803~Rut,18
46,18,47,0,Toby,0,Rutigliano,1/1/1970,M,82305 Washington Drive,0,Phoenix,AZ,85083.0,0,0,0,0,0,0,0,0.0,85083,8,50,83,19700101,Toby,Rutigliano,"['82305', 'washington', 'drive']",376f4386df83b6abc2d8d558bbdacbb7c4e8b557~Rutigliano,cdd40804f4cd95160086736bd5c720632efc8803~Rut,18
47,19,48,138224412-6,Damon,0,Steer,6/21/2003,M,05 Eagan Hill,0,MyrtleBeach,SC,29579.0,0,0,0,226 Loomis Place,4726,Phoenix,Arizona,85020.0,29579,2,95,79,20030621,Damon,Steer,"['05', 'eagan', 'hill']",64a2d6a8a4832fa1e50f9b7ad4b16cca72a90a00~Steer,5ed5e78ac8df1d2eb7c7ce832181e38751ebe351~Ste,19
48,19,49,DS00-1234,Damon,James,Steer,5/21/2003,M,0,0,U,XX,0.0,0,0,0,0,0,0,0,0.0,00000,0,0,0,20030521,Damon,Steer,U,06bcea1015a2d06259ba6549d5c6f4d588f03ccb~Steer,e49728e43a8cb911c19250e5a05dba4cfaa1290c~Ste,20
49,19,50,1068DA0ST0,Damon,J,Steer,5/21/2003,M,05 Eagan Hill,1098,MyrtleBeach,SC,29579.0,0,0,0,226 Loomis Place,4726,Phoenix,Arizona,85020.0,29579,2,95,79,20030521,Damon,Steer,"['05', 'eagan', 'hill']",06bcea1015a2d06259ba6549d5c6f4d588f03ccb~Steer,e49728e43a8cb911c19250e5a05dba4cfaa1290c~Ste,21
50,19,51,138224412-6,Damion,0,Steer,5/21/2003,M,05 Eagan Hill,Apt 1098,MyrtleBeach,SC,29579.0,0,0,0,226 Loomis Place,4726,Phoenix,Arizona,85020.0,29579,2,95,79,20030521,Damion,Steer,"['05', 'eagan', 'hill']",458e85e2d7132fcaeb631f0ec0c1b6d0e56cba64~Steer,e49728e43a8cb911c19250e5a05dba4cfaa1290c~Ste,21
51,20,52,460986706-0,Francois,L,Mandifield,2/9/2007,M,78169 8th Lane,0,Madison,WI,53726.0,0,0,0,3547 Hoiker Lane,31,Huntington Beach,California,92648.0,53726,5,37,26,20070209,Francois,Mandifield,"['78169', '8th', 'lane']",7cf87c7753715bb09c4c3010d74b280916bc1b5f~Mandifield,2ed9b71f90dc14b86caaa6e3d7d0b6f8fe3df617~Man,22
52,20,53,0,Franc,0,Mandifield,2/9/2007,F,78169 8th Lane,0,Madison,WI,53726.0,0,0,0,0,0,0,0,0.0,53726,5,37,26,20070209,Franc,Mandifield,"['78169', '8th', 'lane']",bb659d73e1793f96292d7b8d44546de7bcfaf1d7~Mandifield,870eaf75a6bed79ca5f17e889110c9a844851194~Man,23
53,20,54,0,Francois,Louis,Mandifield,2/8/2007,M,78169 8th Ln,0,Madison,WI,53726.0,0,0,0,0,0,0,0,0.0,53726,5,37,26,20070208,Francois,Mandifield,"['78169', '8th', 'ln']",133e3983658041cb47c34879d80a2e6623c5dbd1~Mandifield,81c86468d0be58f731ebca43889bcc1f1eaea1da~Man,22
54,20,55,0,Francois,L,Mandifield,2/9/2007,M,78169 8th Lane,0,Madison,WI,53726.0,0,0,0,0,0,0,0,0.0,53726,5,37,26,20070209,Francois,Mandifield,"['78169', '8th', 'lane']",7cf87c7753715bb09c4c3010d74b280916bc1b5f~Mandifield,2ed9b71f90dc14b86caaa6e3d7d0b6f8fe3df617~Man,22
55,20,56,460986706-0,Francois,0,Mandfield,2/9/2007,M,78169 8th Lane,0,Madison,WI,53726.0,0,0,0,0,0,0,0,0.0,53726,5,37,26,20070209,Francois,Mandfield,"['78169', '8th', 'lane']",7cf87c7753715bb09c4c3010d74b280916bc1b5f~Mandfield,2ed9b71f90dc14b86caaa6e3d7d0b6f8fe3df617~Man,22
56,21,57,398245260-0,Dracke,0,Coslett,1/17/1973,M,49727 Caliangt Alley,0,Boston,MA,2163.0,0,0,0,9835 Jay Road,56,Fort Myers,Florida,33913.0,00000,0,0,0,19730117,Dracke,Coslett,"['49727', 'caliangt', 'alley']",0fe851337e2bf5fc9aa03c370e2c14feaa35e1e2~Coslett,b6a1b7811a87539429a80f9ec10fe46791230a19~Cos,24
57,21,58,GHT056,Drake,J,Coslett,1/16/1973,M,49727 Caliangt Alley,Apt 4,Boston,MA,2163.0,0,0,0,0,0,0,0,0.0,00000,0,0,0,19730116,Drake,Coslett,"['49727', 'caliangt', 'alley']",3b6d4aea7c1e24c2f409ba803ec5ab013acb00dc~Coslett,d79f4467cbf0acc6e9bc9a5eeaa75ec2df92a3b6~Cos,25
58,21,59,0,Drake,0,Coslett,1/16/1973,F,49727 Caliangt Alley,0,Boston,MA,2163.0,0,0,0,0,0,0,0,0.0,00000,0,0,0,19730116,Drake,Coslett,"['49727', 'caliangt', 'alley']",335055af10443174b367080d94bbfd11d77e181c~Coslett,49d3cb6f52b9aac36d055d55d8d091b9722943b0~Cos,26
59,21,60,398245260-0,Drake,Jeff,Coslett,1/16/1973,M,49727 Caliangt Alley,4,Boston,MA,2163.0,0,0,0,9835 Jay Road,56,Fort Myers,Florida,33913.0,00000,0,0,0,19730116,Drake,Coslett,"['49727', 'caliangt', 'alley']",3b6d4aea7c1e24c2f409ba803ec5ab013acb00dc~Coslett,d79f4467cbf0acc6e9bc9a5eeaa75ec2df92a3b6~Cos,25
60,22,61,0,Drake,0,Coslett,2/4/1972,M,15023rd Ave,0,Boston,MA,2163.0,0,0,0,9835 Jay Road,56,Fort Myers,Florida,33913.0,00000,0,0,0,19720204,Drake,Coslett,"['15023rd', 'ave']",7fa6fbe9a48382b59d6a651d95b10bc574546350~Coslett,7627d004532c1f3e787ea5ed6eacf43749c4a39b~Cos,27
61,23,62,885793526-1,Betteanne,0,Purton,2/15/2009,F,59 Summer Ridge Court,0,Akron,OH,44321.0,0,0,0,380 Gerald Terrace,674,Philadelphia,Pennsylvania,19141.0,44321,4,43,21,20090215,Betteanne,Purton,"['59', 'summer', 'ridge', 'court']",e9f29f20a863bc9d6fe3f3c359f43574f7ab32a5~Purton,1fe299e1fc770a5f06bd0603d390686790c30cfe~Pur,28
62,23,63,769916426-1,Betteanne,0,Purtun,2/15/2009,F,59 Summer Rige Court,0,Akron,OH,44321.0,0,0,0,0,0,0,0,0.0,44321,4,43,21,20090215,Betteanne,Purtun,"['59', 'summer', 'rige', 'court']",e9f29f20a863bc9d6fe3f3c359f43574f7ab32a5~Purtun,1fe299e1fc770a5f06bd0603d390686790c30cfe~Pur,28
63,23,64,0,Betteanne,0,Purtin,2/15/2009,F,59 Summer Ridge Court,0,Akron,OH,44321.0,0,0,0,380 Gerald Terrace,12,Philadelphia,Pennsylvania,19141.0,44321,4,43,21,20090215,Betteanne,Purtin,"['59', 'summer', 'ridge', 'court']",e9f29f20a863bc9d6fe3f3c359f43574f7ab32a5~Purtin,1fe299e1fc770a5f06bd0603d390686790c30cfe~Pur,28
64,23,65,0,Betteanne,0,Purten,2/15/2009,F,59 Summer Ridge Court,0,Akron,OH,44321.0,0,0,0,0,0,0,0,0.0,44321,4,43,21,20090215,Betteanne,Purten,"['59', 'summer', 'ridge', 'court']",e9f29f20a863bc9d6fe3f3c359f43574f7ab32a5~Purten,1fe299e1fc770a5f06bd0603d390686790c30cfe~Pur,28
65,23,66,769916426-1,Betteane,0,Purton,2/15/2009,F,59 Summer Ridge Court,0,Akron,OH,44321.0,0,0,0,0,0,0,0,0.0,44321,4,43,21,20090215,Betteane,Purton,"['59', 'summer', 'ridge', 'court']",d1af29fe5b480a48ec3f636b3c6a14b704cf9bd1~Purton,1fe299e1fc770a5f06bd0603d390686790c30cfe~Pur,28
66,23,67,769916426-1,Beteanne,0,Purton,2/15/2009,F,59 Sumer Ridge Court,0,Akron,OH,44321.0,0,0,0,0,0,0,0,0.0,44321,4,43,21,20090215,Beteanne,Purton,"['59', 'sumer', 'ridge', 'court']",c97caed877b6e2ea0b792064c95eba7e0dcc8c83~Purton,1fe299e1fc770a5f06bd0603d390686790c30cfe~Pur,28
67,24,68,769916426-1,Betteanne,0,Purton,2/15/2009,M,12 Winter Ridge Drive,0,Norka,CO,48589.0,0,0,0,0,0,0,0,0.0,48589,4,85,89,20090215,Betteanne,Purton,"['12', 'winter', 'ridge', 'drive']",6554c9d266303a660afbe8586036bda23a114b11~Purton,2278be1911d740370bda70a061893ba8190632dd~Pur,29
68,24,69,769916426-1,Betteanne,0,Purton,2/15/2009,M,12 Winter Ridge Drive,0,Norka,CO,48589.0,0,0,0,0,0,0,0,0.0,48589,4,85,89,20090215,Betteanne,Purton,"['12', 'winter', 'ridge', 'drive']",6554c9d266303a660afbe8586036bda23a114b11~Purton,2278be1911d740370bda70a061893ba8190632dd~Pur,29
69,25,70,719276893-6,Katharina,0,Stopper,3/19/1960,F,61256 Merrick Place,0,Albuquerque,NM,87190.0,0,0,0,96 Helena Crossing,61395,Cincinnati,Ohio,45228.0,87190,8,71,90,19600319,Katharina,Stopper,"['61256', 'merrick', 'place']",8dcac8861fc60db7adb9c8d0c52b2e639d7aff07~Stopper,6cbb2606a99c99fdb57e979d23ed536e60daf47c~Sto,30
70,25,71,719276893-1,Katharina,0,Stopper,3/19/1860,F,61256 Merrick Place,0,Albuquerque,NM,87190.0,0,0,0,0,0,0,0,0.0,87190,8,71,90,18600319,Katharina,Stopper,"['61256', 'merrick', 'place']",6df1add86fded0e0e70d6975a777a178763c4304~Stopper,23f00933cd4f3c4155ed9713e502b61e7cabc3e0~Sto,30
71,25,72,0,Katharina,0,Stopper,3/19/1960,F,61256 Merrick Place,0,Albuquerque,NM,87190.0,0,0,0,0,0,0,0,0.0,87190,8,71,90,19600319,Katharina,Stopper,"['61256', 'merrick', 'place']",8dcac8861fc60db7adb9c8d0c52b2e639d7aff07~Stopper,6cbb2606a99c99fdb57e979d23ed536e60daf47c~Sto,30
72,25,73,0,Katharina,0,Stopper,3/19/1960,F,61256 Merick Place,0,Albuquerque,NM,87190.0,0,0,0,0,0,0,0,0.0,87190,8,71,90,19600319,Katharina,Stopper,"['61256', 'merick', 'place']",8dcac8861fc60db7adb9c8d0c52b2e639d7aff07~Stopper,6cbb2606a99c99fdb57e979d23ed536e60daf47c~Sto,30
73,25,74,0,Katharin,0,Stopper,3/19/1960,F,61256 Merrick Place,0,Albuquerque,NM,87191.0,0,0,0,96 Helena Crossing,61395,Cincinnati,Ohio,45228.0,87191,8,71,91,19600319,Katharin,Stopper,"['61256', 'merrick', 'place']",c76f47df97aa020b3a104608ec52ccb7d6dd6a3b~Stopper,6cbb2606a99c99fdb57e979d23ed536e60daf47c~Sto,30
74,26,75,0,Katharina,0,Stopper,4/21/1950,F,61256 Merrick Place,0,Albuquerque,NM,87190.0,0,0,0,96 Helena Crossing,61395,Cincinnati,Ohio,45228.0,87190,8,71,90,19500421,Katharina,Stopper,"['61256', 'merrick', 'place']",ed59cf587a2baa6fa327fbfb058c2e1525fde90b~Stopper,17da20e427524fea8ba78c663840bae96e1d7b01~Sto,30
75,26,76,719276893-6,Katharina,0,Stoper,4/21/1950,F,61256 Merrick Place,0,Albuquerque,NM,87190.0,0,0,0,0,0,0,0,0.0,87190,8,71,90,19500421,Katharina,Stoper,"['61256', 'merrick', 'place']",ed59cf587a2baa6fa327fbfb058c2e1525fde90b~Stoper,17da20e427524fea8ba78c663840bae96e1d7b01~Sto,30
76,26,77,719276893-6,Katarina,0,Stopper,4/21/1950,F,61256 Merrick Place,0,Albuquerque,MN,87190.0,0,0,0,0,0,0,0,0.0,87190,8,71,90,19500421,Katarina,Stopper,"['61256', 'merrick', 'place']",7b586bfcc0810b12fcee4bb6d03fc402048e513e~Stopper,17da20e427524fea8ba78c663840bae96e1d7b01~Sto,30
77,26,78,0,Katherine,0,Stopper,4/21/1950,F,61256 Merrick Place,0,Albuquerque,NM,87190.0,0,0,0,0,0,0,0,0.0,87190,8,71,90,19500421,Katherine,Stopper,"['61256', 'merrick', 'place']",8aeece2a70f404d04cf7c882d968365677937a96~Stopper,17da20e427524fea8ba78c663840bae96e1d7b01~Sto,30
78,27,79,180013025-2,Kimberley,0,Lygoe,3/24/1999,F,85 Stuart Crossing,0,Glendale,AZ,85305.0,Kimberley,0,Rhodes,6944 Spohn Drive,242,Joliet,Illinois,60435.0,85305,8,53,5,19990324,Kimberley,Lygoe,"['85', 'stuart', 'crossing']",14e8049c6b31d7ba2d2f1335c0e2ca8b8afb192c~Lygoe,199d3bfa3732cd467e315cb740e7024186395269~Lyg,31
79,27,80,0,Kimberley,0,Lygoe,3/24/1999,F,85 Stuart Crossing,0,Glendale,AZ,85305.0,0,0,0,0,0,0,0,0.0,85305,8,53,5,19990324,Kimberley,Lygoe,"['85', 'stuart', 'crossing']",14e8049c6b31d7ba2d2f1335c0e2ca8b8afb192c~Lygoe,199d3bfa3732cd467e315cb740e7024186395269~Lyg,31
80,27,81,0,Kimberley,0,Lygoe,3/24/1998,F,85 Stuart Crossing,0,Glendale,AZ,85305.0,0,0,0,0,0,0,0,0.0,85305,8,53,5,19980324,Kimberley,Lygoe,"['85', 'stuart', 'crossing']",c6dc61509c93884a7b7cb3c72fd116924b777f3f~Lygoe,78eb495d63b2ef50ea68470370e556472ef31e87~Lyg,31
81,27,82,0,Kimberly,0,Lygoe,3/24/1999,F,85 Stuart Crossing,0,Glendale,AZ,85305.0,0,0,Rhodes,0,0,0,0,0.0,85305,8,53,5,19990324,Kimberly,Lygoe,"['85', 'stuart', 'crossing']",00ada8799bc346cbf8aa66c96d23d0871baf9f7f~Lygoe,199d3bfa3732cd467e315cb740e7024186395269~Lyg,31
82,27,83,180013025-2,Kim,0,Lygoe,3/24/1999,F,85 Stuart Crossing,0,Glendale,AZ,85304.0,0,0,0,0,0,0,0,0.0,85304,8,53,4,19990324,Kim,Lygoe,"['85', 'stuart', 'crossing']",199d3bfa3732cd467e315cb740e7024186395269~Lygoe,199d3bfa3732cd467e315cb740e7024186395269~Lyg,31
83,28,84,0,Kimberley,0,Lygoe,3/24/1999,F,15 First,0,Glendale,CA,92872.0,0,0,0,0,0,0,0,0.0,92872,9,28,72,19990324,Kimberley,Lygoe,"['15', 'first']",14e8049c6b31d7ba2d2f1335c0e2ca8b8afb192c~Lygoe,199d3bfa3732cd467e315cb740e7024186395269~Lyg,31
84,28,85,0,Kimberlie,0,Lygoe,3/24/1999,F,15 First,0,Glendale,CA,92872.0,0,0,0,0,0,0,0,0.0,92872,9,28,72,19990324,Kimberlie,Lygoe,"['15', 'first']",768d9fda8615655cbd9281d8e08ca6b6b8246b22~Lygoe,199d3bfa3732cd467e315cb740e7024186395269~Lyg,31
85,28,86,0,Kimberlay,0,Lygoe,3/24/1999,F,15 First,0,Glendale,CA,92872.0,0,0,0,0,0,0,0,0.0,92872,9,28,72,19990324,Kimberlay,Lygoe,"['15', 'first']",7ed0837aff245ead180effb415c6b91709149445~Lygoe,199d3bfa3732cd467e315cb740e7024186395269~Lyg,31
86,29,87,010254924-9,Pasquale,0,Beevers,2/9/1980,M,37300 Talisman Road,0,Honolulu,HI,96810.0,0,0,0,99 Buena Vista Street,3,El Paso,Texas,88589.0,96810,9,68,10,19800209,Pasquale,Beevers,"['37300', 'talisman', 'road']",692acef467664a8e17d85e0b0a0d9fd7a7c2d197~Beevers,6cf724bb6860a644d33acbc52199063e96601161~Bee,32
87,29,88,0,Pascale,0,Beevers,2/9/1980,M,37300 Talisman Road,0,Honolulu,HI,96810.0,0,0,0,0,0,0,0,0.0,96810,9,68,10,19800209,Pascale,Beevers,"['37300', 'talisman', 'road']",3fa5646993d0662a67368bde4afb6ddd86b75e86~Beevers,6cf724bb6860a644d33acbc52199063e96601161~Bee,32
88,29,89,0,Pasquale,0,Beavers,2/9/1980,M,37300 Talisman Road,0,Honolulu,HI,96810.0,0,0,0,0,0,0,0,0.0,96810,9,68,10,19800209,Pasquale,Beavers,"['37300', 'talisman', 'road']",692acef467664a8e17d85e0b0a0d9fd7a7c2d197~Beavers,6cf724bb6860a644d33acbc52199063e96601161~Bea,32
89,29,90,0,Pasquale,0,Beevers,2/9/1980,M,37300 TALISMAN ROAD,0,Honolulu,HI,96810.0,0,0,0,0,0,0,0,0.0,96810,9,68,10,19800209,Pasquale,Beevers,"['37300', 'talisman', 'road']",692acef467664a8e17d85e0b0a0d9fd7a7c2d197~Beevers,6cf724bb6860a644d33acbc52199063e96601161~Bee,32
90,29,91,0,Pasquale,0,Beevers,2/9/1981,M,37300 Talisman Road,0,Honolulu,HI,96810.0,0,0,0,0,0,0,0,0.0,96810,9,68,10,19810209,Pasquale,Beevers,"['37300', 'talisman', 'road']",6bd7df86f11ae0223df21608f122b682bf087dd3~Beevers,c6f06b7b191fdfdfde82771a4c2a33dbc8ffb3ba~Bee,32
91,29,92,0,Pasquale,0,Beevers,2/9/1980,M,37300 Tallisman Road,0,Honolulu,HI,96820.0,0,0,0,0,0,0,0,0.0,96820,9,68,20,19800209,Pasquale,Beevers,"['37300', 'tallisman', 'road']",692acef467664a8e17d85e0b0a0d9fd7a7c2d197~Beevers,6cf724bb6860a644d33acbc52199063e96601161~Bee,32
92,30,93,010254924-9,Pasquale,0,Beevers,3/9/1990,M,99 Buena Vista Street,3,ElPaso,TX,88589.0,0,0,0,0,0,0,0,0.0,88589,8,85,89,19900309,Pasquale,Beevers,"['99', 'buena', 'vista', 'street']",5192dd89b04f324d1ecafc982ca6c69fc56954d0~Beevers,bf5e7b70782e00d5be19a4dc8c09055ae9dbdb24~Bee,33
93,30,94,010254924-9,Pasquale,0,Beevers,3/9/1990,M,99 Buena Vista Street,3,DElPaso,TX,88589.0,0,0,0,0,0,0,0,0.0,88589,8,85,89,19900309,Pasquale,Beevers,"['99', 'buena', 'vista', 'street']",5192dd89b04f324d1ecafc982ca6c69fc56954d0~Beevers,bf5e7b70782e00d5be19a4dc8c09055ae9dbdb24~Bee,33
94,31,95,526018256-1,Byrom,0,Vanini,11/8/1985,M,9 Bellgrove Street,0,SilverSpring,MD,20904.0,0,0,0,450 Birchwood Way,873,Greenville,South Carolina,29615.0,20904,2,9,4,19851108,Byrom,Vanini,"['9', 'bellgrove', 'street']",70cb1f486b5bbb350e379e19d70cf7edd49b7559~Vanini,f74267a4e7536e99b38272ba46c9c9625c8b5e68~Van,34
95,31,96,526018256-1,Birom,0,Vanini,11/8/1985,M,9 Bellgrove Street,0,SilverSpring,MD,20904.0,0,0,0,450 Birchwood Way,873,Greenville,South Carolina,29615.0,20904,2,9,4,19851108,Birom,Vanini,"['9', 'bellgrove', 'street']",a1abf76bec706b6477384331e727c3c8d125a61f~Vanini,9325b57c160dae273f7c6a710b7b86727201da40~Van,34
96,31,97,0,Byrom,0,Vanini,11/8/1989,M,9 BEllgrove STreet,0,SilverSpring,MD,20904.0,0,0,0,0,0,0,0,0.0,20904,2,9,4,19891108,Byrom,Vanini,"['9', 'bellgrove', 'street']",60ccd13b51335ff252e6e0d45379e8d267588114~Vanini,943ce07b716d9fec158cbafe92c138804d07c17b~Van,34
97,31,98,0,Byrom,0,Vanini,11/8/1985,M,9 Belgrove Street,0,SilverSpring,MD,20904.0,0,0,0,0,0,0,0,0.0,20904,2,9,4,19851108,Byrom,Vanini,"['9', 'belgrove', 'street']",70cb1f486b5bbb350e379e19d70cf7edd49b7559~Vanini,f74267a4e7536e99b38272ba46c9c9625c8b5e68~Van,34
98,31,99,526018256-1,Byrom,0,Vanini,11/8/1985,M,9 Ballgrove Street,0,SilverSpring,MD,20904.0,0,0,0,0,0,0,0,0.0,20904,2,9,4,19851108,Byrom,Vanini,"['9', 'ballgrove', 'street']",70cb1f486b5bbb350e379e19d70cf7edd49b7559~Vanini,f74267a4e7536e99b38272ba46c9c9625c8b5e68~Van,34
99,32,100,526018256-1,Byrom,0,Vanini,2/29/1963,F,84732 Sirenhill,0,LucidLake,ME,58963.0,0,0,0,0,0,0,0,0.0,58963,5,89,63,1963292,Byrom,Vanini,"['84732', 'sirenhill']",ead177b66eeb015bc8db56236baa0d5d0b166ae9~Vanini,176c21310d1da9f1d48f61c25e4eec2ac517b232~Van,35
100,32,101,0,Byron,0,Vanini,2/28/1963,F,84732 Sirenhill,0,LucidLake,ME,58963.0,0,0,0,0,0,0,0,0.0,58963,5,89,63,19630228,Byron,Vanini,"['84732', 'sirenhill']",e0eb3026edd512ab9cf11829e2736863ed636996~Vanini,68a4dfe8510184188778e92500aae9e37aba7e35~Van,35
101,32,102,0,Byrom,0,Vannini,2/28/1963,F,84732 Sirenhill,0,LucidLake,ME,58963.0,0,0,0,0,0,0,0,0.0,58963,5,89,63,19630228,Byrom,Vannini,"['84732', 'sirenhill']",487189a7d538b3ba2254e990269eb34ed26e3797~Vannini,68a4dfe8510184188778e92500aae9e37aba7e35~Van,35
102,33,103,603359191-7,Karlotta,0,MacGray,5/4/2008,F,987 Loomis Junction,0,SanAntonio,TX,78205.0,0,0,0,1 Mockingbird Pass,3720,San Diego,California,92176.0,78205,7,82,5,20080504,Karlotta,MacGray,"['987', 'loomis', 'junction']",1c1664198b72d67bebb1d8af0543630f3ab75d59~MacGray,5f9bf2581b5959df15a7358ee0afa7b01c623317~Mac,36
103,33,104,0,Karlotta,0,MacGray,5/4/2008,F,987 Lomis Junction,0,SanAntonio,TX,78205.0,0,0,0,0,0,0,0,0.0,78205,7,82,5,20080504,Karlotta,MacGray,"['987', 'lomis', 'junction']",1c1664198b72d67bebb1d8af0543630f3ab75d59~MacGray,5f9bf2581b5959df15a7358ee0afa7b01c623317~Mac,36
104,33,105,0,Karlotta,0,MacGray,5/4/2008,F,987 Loomis Junction,0,SanAntonio,TX,78205.0,0,0,0,0,0,0,0,0.0,78205,7,82,5,20080504,Karlotta,MacGray,"['987', 'loomis', 'junction']",1c1664198b72d67bebb1d8af0543630f3ab75d59~MacGray,5f9bf2581b5959df15a7358ee0afa7b01c623317~Mac,36
105,33,106,0,Karlota,0,MacGrey,5/4/2008,F,987 Loomis Junction,0,SanAntonio,TX,78205.0,0,0,0,0,0,0,0,0.0,78205,7,82,5,20080504,Karlota,MacGrey,"['987', 'loomis', 'junction']",a67590baa1a1b0b7682422bc1d99a22c7ea572f6~MacGrey,5f9bf2581b5959df15a7358ee0afa7b01c623317~Mac,36
106,34,107,4585458552-9,Karlotta,0,MacGray,5/4/2008,M,212 Bluejay Way,0,SanDiego,CA,92176.0,0,0,0,0,0,0,0,0.0,92176,9,21,76,20080504,Karlotta,MacGray,"['212', 'bluejay', 'way']",4b074799e979dd23c23a0baa386eccc7945db406~MacGray,76a98b0aa3f87f3fcf310a78e4f9afb3c3004eff~Mac,37
107,34,108,0,Karlotta,0,McGray,5/4/2008,M,211 Bluejay Way,0,SanDiego,CA,92176.0,0,0,0,0,0,0,0,0.0,92176,9,21,76,20080504,Karlotta,McGray,"['211', 'bluejay', 'way']",4b074799e979dd23c23a0baa386eccc7945db406~McGray,76a98b0aa3f87f3fcf310a78e4f9afb3c3004eff~McG,37
108,35,109,569440588-9,Pauli,0,Fairclough,10/28/1987,F,90841 Crest Line Center,0,SaltLakeCity,UT,84135.0,0,0,0,2 Veith Trail,30281,Fresno,California,93715.0,84135,8,41,35,19871028,Pauli,Fairclough,"['90841', 'crest', 'line', 'center']",6107a979d4ade4711879195503b7ef38017b0c80~Fairclough,3380b537524e5eb95744e753379a1c098fbfca99~Fai,38
109,35,110,0,Palli,0,Fairclough,10/28/1987,F,90841 Crest Line Center,0,SaltLakeCity,UT,84135.0,0,0,0,0,0,0,0,0.0,84135,8,41,35,19871028,Palli,Fairclough,"['90841', 'crest', 'line', 'center']",7c35742e5041cce50c5bad560ca868fba1b1b018~Fairclough,a7000cc24dbd1788faf4707f2dbfdda7a4f9e378~Fai,38
110,35,111,0,Pauli,0,Fairclow,10/28/1987,F,90841 Crest Line Center,0,SaltLakeCity,UT,84135.0,0,0,0,0,0,0,0,0.0,84135,8,41,35,19871028,Pauli,Fairclow,"['90841', 'crest', 'line', 'center']",6107a979d4ade4711879195503b7ef38017b0c80~Fairclow,3380b537524e5eb95744e753379a1c098fbfca99~Fai,38
111,35,112,0,Pauli,0,Fairclough,11/28/1987,F,90841 Crest Line Center,0,SaltLakeCity,UT,84135.0,0,0,0,0,0,0,0,0.0,84135,8,41,35,19871128,Pauli,Fairclough,"['90841', 'crest', 'line', 'center']",3cb1955922e1120e2711ef07da1dbdd3b07a9f77~Fairclough,e50f7eef7b1cd0a3e22804403127c22b52d09c48~Fai,38
112,35,113,0,Pauli,0,Faircough,10/28/1987,F,90841 Crest Line Circle,0,SaltLakeCity,UT,84135.0,0,0,0,0,0,0,0,0.0,84135,8,41,35,19871028,Pauli,Faircough,"['90841', 'crest', 'line', 'circle']",6107a979d4ade4711879195503b7ef38017b0c80~Faircough,3380b537524e5eb95744e753379a1c098fbfca99~Fai,38
113,36,114,569440588-9,Pauli,0,Fairclough,10/28/1987,F,38493 Crust Circle Lane,0,FreshWaterCity,NM,78594.0,0,0,0,0,0,0,0,0.0,78594,7,85,94,19871028,Pauli,Fairclough,"['38493', 'crust', 'circle', 'lane']",6107a979d4ade4711879195503b7ef38017b0c80~Fairclough,3380b537524e5eb95744e753379a1c098fbfca99~Fai,38
114,37,115,620721423-4,Kirbee,0,Hartles,11/21/1973,F,39148 Service Circle,0,Lexington,KY,40505.0,0,0,0,451 Vahlen Park,84923,Tulsa,Oklahoma,74149.0,40505,4,5,5,19731121,Kirbee,Hartles,"['39148', 'service', 'circle']",06ac172f8b63ff2422017a88681f0240a570fad1~Hartles,0b3a804fed82ce798a6ddf403d052e1df5285805~Har,39
115,37,116,0,Kirby,0,Heartles,11/21/1973,F,39148 Service Circle,0,Lexington,KY,40505.0,0,0,0,0,0,0,0,0.0,40505,4,5,5,19731121,Kirby,Heartles,"['39148', 'service', 'circle']",c0d95df73bd34db441e12d83e0fb15b37f6de15e~Heartles,0b3a804fed82ce798a6ddf403d052e1df5285805~Hea,39
116,37,117,0,Kirbee,0,Hartless,11/21/1973,F,39148 Service Circle,0,Lexington,KY,40505.0,0,0,0,0,0,0,0,0.0,40505,4,5,5,19731121,Kirbee,Hartless,"['39148', 'service', 'circle']",06ac172f8b63ff2422017a88681f0240a570fad1~Hartless,0b3a804fed82ce798a6ddf403d052e1df5285805~Har,39
117,37,118,0,Kirbee,0,Hartles,11/21/1973,F,38148 Service Circle,0,Lexington,KY,40505.0,0,0,0,451 Vahlen Park,81923,Tulsa,Oklahoma,74149.0,40505,4,5,5,19731121,Kirbee,Hartles,"['38148', 'service', 'circle']",06ac172f8b63ff2422017a88681f0240a570fad1~Hartles,0b3a804fed82ce798a6ddf403d052e1df5285805~Har,39
118,38,119,620721423-4,Kirbee,0,Hartles,11/21/1973,M,83940 Dragonfruit,0,OrangeCounty,NY,40505.0,0,0,0,451 Vahlen Park,84923,Tulsa,Oklahoma,74149.0,40505,4,5,5,19731121,Kirbee,Hartles,"['83940', 'dragonfruit']",003004c7b3e23ff8763f5235c3141208270fce03~Hartles,fd09a6d0a0c3b132fabfba91baf33b52a6a5e3e2~Har,40
119,38,120,0,Kirbee,0,Hartles,11/21/1973,M,83940 Dragonfruit,0,OC,NY,40505.0,0,0,0,0,0,0,0,0.0,40505,4,5,5,19731121,Kirbee,Hartles,"['83940', 'dragonfruit']",003004c7b3e23ff8763f5235c3141208270fce03~Hartles,fd09a6d0a0c3b132fabfba91baf33b52a6a5e3e2~Har,40
120,38,121,0,Kirbee,0,Hartles,11/21/1973,M,83940 Dragonfruit,0,Orange,NY,40505.0,0,0,0,0,0,0,0,0.0,40505,4,5,5,19731121,Kirbee,Hartles,"['83940', 'dragonfruit']",003004c7b3e23ff8763f5235c3141208270fce03~Hartles,fd09a6d0a0c3b132fabfba91baf33b52a6a5e3e2~Har,40
121,39,122,544443245-5,Tammie,0,Badman,8/9/1953,F,79 Graceland Junction,0,Spartanburg,SC,29319.0,0,0,0,764 Kipling Trail,379,Louisville,Kentucky,40210.0,29319,2,93,19,19530809,Tammie,Badman,"['79', 'graceland', 'junction']",4c7c9f7e52aa258a0125c82d9f49a0c32d48ce28~Badman,a3c3e210ff1d3bb9145379debebbd4d97cbdae8b~Bad,41
122,39,123,0,Tamie,0,Badman,8/9/1953,F,79 Graceland Junction,0,Spartanburg,SC,29319.0,0,0,0,0,0,0,0,0.0,29319,2,93,19,19530809,Tamie,Badman,"['79', 'graceland', 'junction']",4bf18db7ae0de98ce78639b18ff450d07e2cedb5~Badman,a3c3e210ff1d3bb9145379debebbd4d97cbdae8b~Bad,41
123,39,124,0,Tammy,0,Badman,8/9/1953,F,79 Graceland Junction,0,Spartanberg,SC,29319.0,0,0,0,0,0,0,0,0.0,29319,2,93,19,19530809,Tammy,Badman,"['79', 'graceland', 'junction']",ce5a13098ea7a4247998ffce525336d9c08115e1~Badman,a3c3e210ff1d3bb9145379debebbd4d97cbdae8b~Bad,41
124,39,125,0,Tammey,0,Badmann,8/9/1953,F,79 Graceland Junction,0,Spartanburg,SC,29319.0,0,0,0,0,0,0,0,0.0,29319,2,93,19,19530809,Tammey,Badmann,"['79', 'graceland', 'junction']",333af0997202114c9ab549d16d94127e72c43213~Badmann,a3c3e210ff1d3bb9145379debebbd4d97cbdae8b~Bad,41
125,39,126,0,Tammie,0,Bedmen,8/9/1953,F,79 Graceland Junction,0,Spartenburg,SC,29319.0,0,0,0,0,0,0,0,0.0,29319,2,93,19,19530809,Tammie,Bedmen,"['79', 'graceland', 'junction']",4c7c9f7e52aa258a0125c82d9f49a0c32d48ce28~Bedmen,a3c3e210ff1d3bb9145379debebbd4d97cbdae8b~Bed,41
126,40,127,544443245-1,Tammie,0,Badman,8/9/1953,F,0,0,U,XX,0.0,0,0,0,0,0,0,0,0.0,00000,0,0,0,19530809,Tammie,Badman,U,4c7c9f7e52aa258a0125c82d9f49a0c32d48ce28~Badman,a3c3e210ff1d3bb9145379debebbd4d97cbdae8b~Bad,42
127,40,128,0,Tamy,0,Badman,8/9/1953,F,23 Lyche,0,Dalas,TX,18578.0,0,0,0,0,0,0,0,0.0,18578,1,85,78,19530809,Tamy,Badman,"['23', 'lyche']",5069df8996d6815136f6cbd6a46d79a929affb35~Badman,a3c3e210ff1d3bb9145379debebbd4d97cbdae8b~Bad,41
128,40,129,0,Tammie,0,Badman,8/9/1953,F,23 Lychee,0,Dallas,TX,18578.0,0,0,0,0,0,0,0,0.0,18578,1,85,78,19530809,Tammie,Badman,"['23', 'lychee']",4c7c9f7e52aa258a0125c82d9f49a0c32d48ce28~Badman,a3c3e210ff1d3bb9145379debebbd4d97cbdae8b~Bad,41
129,41,130,307591784-2,Cheston,0,Browne,7/1/1968,M,057 Manitowish Parkway,0,SanJose,CA,95133.0,0,0,0,64214 Oneill Lane,97372,Jamaica,New York,11480.0,95133,9,51,33,19680701,Cheston,Browne,"['057', 'manitowish', 'parkway']",631b5d799e7b50e882f8caa4ecda4f44361cc1f4~Browne,de462dc4554437ad78a759bf972ef8b4bbfcb102~Bro,43
130,41,131,0,Cheston,0,Brown,7/1/1968,M,057 Manitowish Parkway,0,SanJose,CA,95133.0,0,0,0,0,0,0,0,0.0,95133,9,51,33,19680701,Cheston,Brown,"['057', 'manitowish', 'parkway']",631b5d799e7b50e882f8caa4ecda4f44361cc1f4~Brown,de462dc4554437ad78a759bf972ef8b4bbfcb102~Bro,43
131,41,132,0,Cheston,0,Browne,7/11/1968,M,057 Mantowish Parkway,0,SanJose,CA,95133.0,0,0,0,0,0,0,0,0.0,95133,9,51,33,19680711,Cheston,Browne,"['057', 'mantowish', 'parkway']",4372950e7b1a8269a1e49fb89aa07b72b3e7b592~Browne,47cdca4869a050c11a4e11ceb762c565d35d754a~Bro,43
132,41,133,0,Cheston,0,Browne,7/1/1968,M,057 Manitowish Parkway,0,SanJose,CA,95133.0,0,0,0,64214 Oneil Lane,97372,Jamaica,New York,11480.0,95133,9,51,33,19680701,Cheston,Browne,"['057', 'manitowish', 'parkway']",631b5d799e7b50e882f8caa4ecda4f44361cc1f4~Browne,de462dc4554437ad78a759bf972ef8b4bbfcb102~Bro,43
133,42,134,307591784-2,Cheston,0,Browne,2/14/1952,F,0,0,U,XX,0.0,0,0,0,0,0,0,0,0.0,00000,0,0,0,19520214,Cheston,Browne,U,aca008858cbabe27864ebcd03f0af307e7fad90d~Browne,6159556319bbbba86d74ae8d27bf4e99481085cb~Bro,44
134,42,135,0,Cheston,0,Browne,2/14/1952,F,132 Choccolate Circle,0,Hershey,PA,93938.0,0,0,0,0,0,0,0,0.0,93938,9,39,38,19520214,Cheston,Browne,"['132', 'choccolate', 'circle']",aca008858cbabe27864ebcd03f0af307e7fad90d~Browne,6159556319bbbba86d74ae8d27bf4e99481085cb~Bro,45
135,42,136,0,Cheston,0,Brown,2/14/1952,F,132 Chocolate Cir,0,Hershy,PA,93938.0,0,0,0,0,0,0,0,0.0,93938,9,39,38,19520214,Cheston,Brown,"['132', 'chocolate', 'cir']",aca008858cbabe27864ebcd03f0af307e7fad90d~Brown,6159556319bbbba86d74ae8d27bf4e99481085cb~Bro,45
136,42,137,0,Chesten,0,Brownie,2/14/1952,F,132 Chocolate Circle,0,Hershey,PA,93938.0,0,0,0,0,0,0,0,0.0,93938,9,39,38,19520214,Chesten,Brownie,"['132', 'chocolate', 'circle']",def590b1e4169297a2fe4df6eee957fafefdccb0~Brownie,6159556319bbbba86d74ae8d27bf4e99481085cb~Bro,45
137,43,138,463188026-0,Worthington,0,Wrixon,5/4/1972,M,05342 Sunfield Drive,0,SanDiego,CA,92145.0,0,0,0,769 Calypso Drive,9,Atlanta,Georgia,30392.0,92145,9,21,45,19720504,Worthington,Wrixon,"['05342', 'sunfield', 'drive']",506036fe9da0c142ca2b054ba5f9ed0a6d74555c~Wrixon,d46f33b9314ae57299d9bf0c6c505e11c8ef87c6~Wri,46
138,43,139,0,Worthingten,0,Wixon,5/4/1972,M,05342 Sunfield Drive,0,SanDiego,CA,92145.0,0,0,0,769 Calipso Drive,9,Atlanta,Georgia,30392.0,92145,9,21,45,19720504,Worthingten,Wixon,"['05342', 'sunfield', 'drive']",63836d0ff4e3e1a8762a90534bb66873fe03934f~Wixon,d46f33b9314ae57299d9bf0c6c505e11c8ef87c6~Wix,46
139,43,140,0,Worthington,0,Wrixon,5/4/1973,M,05352 Sunfield Drive,0,SanDiego,CA,92145.0,0,0,0,0,0,0,Georgia,30392.0,92145,9,21,45,19730504,Worthington,Wrixon,"['05352', 'sunfield', 'drive']",429703eb5008a584d389cebffd1d720656e907fb~Wrixon,d0aae584bb12ffc99eb8a438610e6e12e39b4bdb~Wri,46
140,43,141,0,Worthington,0,Wrixon,5/4/1972,M,05342 Sunfield Drive,0,SanDiego,CA,92145.0,0,0,0,0,0,0,0,0.0,92145,9,21,45,19720504,Worthington,Wrixon,"['05342', 'sunfield', 'drive']",506036fe9da0c142ca2b054ba5f9ed0a6d74555c~Wrixon,d46f33b9314ae57299d9bf0c6c505e11c8ef87c6~Wri,46
141,43,142,0,Worthington,0,Wrixon,5/4/1972,M,05342 Sunfield Drive,0,SanDiego,CA,92145.0,0,0,0,0,0,0,0,0.0,92145,9,21,45,19720504,Worthington,Wrixon,"['05342', 'sunfield', 'drive']",506036fe9da0c142ca2b054ba5f9ed0a6d74555c~Wrixon,d46f33b9314ae57299d9bf0c6c505e11c8ef87c6~Wri,46
142,43,143,0,Worthington,0,Wrixen,5/4/1972,M,05342 Sunfield Drive,0,SanDiego,CA,92145.0,0,0,0,769 Calypso Drive,9,Atlanta,Georgia,30392.0,92145,9,21,45,19720504,Worthington,Wrixen,"['05342', 'sunfield', 'drive']",506036fe9da0c142ca2b054ba5f9ed0a6d74555c~Wrixen,d46f33b9314ae57299d9bf0c6c505e11c8ef87c6~Wri,46
143,44,144,0,Worthington,0,Wrixon,10/31/1960,F,84093 Lemon,117,Irvine,CA,92618.0,0,0,0,0,0,0,0,0.0,92618,9,26,18,19601031,Worthington,Wrixon,"['84093', 'lemon']",7f6637b888b08432b6186babf43b6828df915fc9~Wrixon,5873b244e623d0552cd4aef881e8070c565c56b1~Wri,47
144,44,145,0,Worthington,0,Wrizon,10/31/1960,F,84093 Lemon,117,Irvine,CA,92618.0,0,0,0,0,0,0,0,0.0,92618,9,26,18,19601031,Worthington,Wrizon,"['84093', 'lemon']",7f6637b888b08432b6186babf43b6828df915fc9~Wrizon,5873b244e623d0552cd4aef881e8070c565c56b1~Wri,47
145,44,146,0,Worthinton,0,Wrixon,10/31/1960,F,84093 Lemon,117,Irvine,CA,92618.0,0,0,0,0,0,0,0,0.0,92618,9,26,18,19601031,Worthinton,Wrixon,"['84093', 'lemon']",bb95566055f9557a25821ff7609aa71092b5d1e5~Wrixon,5873b244e623d0552cd4aef881e8070c565c56b1~Wri,47
146,45,147,668476347-3,Raye,0,Gatenby,3/29/1941,F,10 Memorial Road,0,Omaha,NE,68164.0,0,0,0,700 Roth Hill,1910,Amarillo,Texas,79188.0,68164,6,81,64,19410329,Raye,Gatenby,"['10', 'memorial', 'road']",31ee6dcfd1d6f6fd931f262ffddcbf338f38fbc8~Gatenby,fec81cf5ee121fffd09e4589793376f597c20f46~Gat,48
147,45,148,659476382,Raye,0,Gatenby,3/29/1941,F,10 Memorial Rd,0,Omaha,NE,0.0,0,0,0,700 Roth Hill APT#1910,0,Amarillo,TX,0.0,00000,0,0,0,19410329,Raye,Gatenby,"['10', 'memorial', 'rd']",31ee6dcfd1d6f6fd931f262ffddcbf338f38fbc8~Gatenby,fec81cf5ee121fffd09e4589793376f597c20f46~Gat,48
148,45,149,0,Ray,0,Gatenbie,3/29/1941,F,10 Memorial st,0,Omaha,NE,68164.0,0,0,0,700 Roth Hill,1910,Amarillo,Texas,79188.0,68164,6,81,64,19410329,Ray,Gatenbie,"['10', 'memorial', 'st']",fec81cf5ee121fffd09e4589793376f597c20f46~Gatenbie,fec81cf5ee121fffd09e4589793376f597c20f46~Gat,48
149,45,150,0,Raye,0,Gatenby,4/29/1941,F,10 Memorial Road,0,Omaha,XX,68164.0,0,0,0,700 Roth Hill,0,Amarillo,0,79188.0,68164,6,81,64,19410429,Raye,Gatenby,"['10', 'memorial', 'road']",99a764a58fc773a22caa40597018736690f23d25~Gatenby,d147fbc7a710a5edbcaa5776146e827e1794a3ab~Gat,49
150,46,151,862216275-3,Konstantin,Samuel,Kordt,8/28/1938,M,942 Homewood Street,0,SaltLakeCity,UT,84115.0,0,0,0,6 Charing Cross Court,15504,Dayton,Ohio,45419.0,84115,8,41,15,19380828,Konstantin,Kordt,"['942', 'homewood', 'street']",2ca49ce8965c40e3cd038d32a2286c103d7e6683~Kordt,cfe0c1bdff4c36102586b1d609719a94daf2f5f6~Kor,50
151,46,152,0,Konstantin,S,Kordt,8/28/1938,U,0,0,SaltLakeCity,UT,84115.0,0,0,0,0,0,0,0,45419.0,84115,8,41,15,19380828,Konstantin,Kordt,U,9d6baaf562a583a9b3abbd06a00a1dd5937d3ce7~Kordt,ebf0e39067016fa038842293c221076623940d88~Kor,50
152,46,153,0,Konstantin,S,Kordt,8/28/1938,U,942 Homewood St,0,U,UT,84115.0,0,0,0,6 Charing Cross Ct,APT #15504,Dayton,OH,0.0,84115,8,41,15,19380828,Konstantin,Kordt,"['942', 'homewood', 'st']",9d6baaf562a583a9b3abbd06a00a1dd5937d3ce7~Kordt,ebf0e39067016fa038842293c221076623940d88~Kor,50
153,46,154,5887481125,Konstentin,0,Kort,8/28/1939,U,942 Homewood Street,0,SaltLakeCity,UT,84115.0,0,0,0,6 Charing Cross Court Apt 15504,0,Dayton,OH,45419.0,84115,8,41,15,19390828,Konstentin,Kort,"['942', 'homewood', 'street']",92262b1a6dd4e491a856d116c224fe9d85ab8559~Kort,f4d13d6a6dba47c2b544736e4678eae7f5699f2a~Kor,51
154,47,155,570925745-1,Ailsun,0,Dovydenas,6/25/1937,F,1 Bowman Junction,0,Austin,TX,78749.0,0,0,0,4004 Fulton Junction,2577,Long Beach,California,90810.0,78749,7,87,49,19370625,Ailsun,Dovydenas,"['1', 'bowman', 'junction']",5c8f0565be321302ca53f5bc9e77058dddf72f79~Dovydenas,a7bd5db67b0c42131d0d0600385e30961f9d09f3~Dov,52
155,47,156,584213133,Alison,J,Dovydenas,6/25/1937,U,1 Bowman Junction,0,Austin,TX,78749.0,Victoria,0,Tuttle,2614 Frosty Lane,0,Long Beach,CA,90810.0,78749,7,87,49,19370625,Alison,Dovydenas,"['1', 'bowman', 'junction']",edf4d5f47c351309faf7eba84b0928aeb1d62f8b~Dovydenas,ac5d9763828b45e0c6094bd1945bbcffaa331040~Dov,53
156,47,157,884123551-1,Ailsun,J,,6/25/1937,F,0,0,Austin,TX,78749.0,0,0,0,0,0,Long Beach,California,90810.0,78749,7,87,49,19370625,Ailsun,,U,5c8f0565be321302ca53f5bc9e77058dddf72f79~,a7bd5db67b0c42131d0d0600385e30961f9d09f3~XXX,52
157,47,158,0,Ailsun,0,Dovydenas,6/25/1937,F,1 Bowman Junction,#1412,Austin,TX,78749.0,0,0,0,4004 Fulton Junction APT2577,0,Long Beach,CA,90810.0,78749,7,87,49,19370625,Ailsun,Dovydenas,"['1', 'bowman', 'junction']",5c8f0565be321302ca53f5bc9e77058dddf72f79~Dovydenas,a7bd5db67b0c42131d0d0600385e30961f9d09f3~Dov,52
158,48,159,497286899-6,Dionne,0,Cockcroft,6/25/1988,F,97576 Parkside Place,0,Tulsa,OK,74108.0,0,0,0,9 Melby Alley,96,Huntsville,Texas,77343.0,74108,7,41,8,19880625,Dionne,Cockcroft,"['97576', 'parkside', 'place']",470f976ecc4aa44fc54d91ab888667ce7cd9a629~Cockcroft,48144eb8175949b02e9474c85cf85135a7313875~Coc,54
159,48,160,0,Diane,0,Cockcroft,6/25/1988,U,97576 Parkside Pl,0,Tulsa,OK,74108.0,0,0,0,9 Melby Alley,0,Huntsville,TX,77343.0,74108,7,41,8,19880625,Diane,Cockcroft,"['97576', 'parkside', 'pl']",64eb7658f2ae097a6cc7dc6b6c4deec9fb6d3b0c~Cockcroft,78419d12bd3a9fd3bf46909a740f795305e809ee~Coc,55
160,48,161,497286899-6,Dionne,0,Cockcroft,6/28/198+,F,97576 Parkside Place,0,Tulsa,OK,74108.0,0,0,0,9 Melby Alley,96,Huntsville,TX,77343.0,74108,7,41,8,198+286,Dionne,Cockcroft,"['97576', 'parkside', 'place']",95d956b591ceefa964ac55571a8ff06f41f2f349~Cockcroft,8b517d7d800152391e85b8ecc8e420a9a29fea12~Coc,54
161,49,162,826795742-1,Hastings,0,Meggison,10/31/1936,M,7 Forest Run Parkway,0,Dallas,TX,75342.0,0,0,0,1778 Helena Parkway,56,Tulsa,Oklahoma,74116.0,75342,7,53,42,19361031,Hastings,Meggison,"['7', 'forest', 'run', 'parkway']",d38def2327771311d180587990057e5ef4b57202~Meggison,ca837d9a3e4701caf093cfd4bc59d1e71072a78e~Meg,56
162,49,163,0,Meggison,0,Hastings,10/31/1936,U,7 Forest Run Parkway,0,Dales,TX,75342.0,0,0,0,1778 Helena Parkway APT #56,0,Tulsa,Oklahoma,74116.0,75342,7,53,42,19361031,Meggison,Hastings,"['7', 'forest', 'run', 'parkway']",4c2f02c9f2aa3580bca0f759e2a055a3d1ce8b60~Hastings,0f9e1a41f26c10d2e9d3dcbcd7908af9e792727e~Has,56
163,49,164,0,Hastings,0,Meggison,10/31/1936,M,7 Forest Run Parkway,0,Dallas,TX,75342.0,0,0,0,1778 Helena Parkway,APT56,Tulsa,Oklahoma,74116.0,75342,7,53,42,19361031,Hastings,Meggison,"['7', 'forest', 'run', 'parkway']",d38def2327771311d180587990057e5ef4b57202~Meggison,ca837d9a3e4701caf093cfd4bc59d1e71072a78e~Meg,56
164,49,165,0,Hastings,0,Megison,10/31/1936,M,0,0,Dallas,TX,75342.0,0,0,0,1778 Helena Parkway,0,Tulsa,OK,74116.0,75342,7,53,42,19361031,Hastings,Megison,U,d38def2327771311d180587990057e5ef4b57202~Megison,ca837d9a3e4701caf093cfd4bc59d1e71072a78e~Meg,56
165,50,166,0,Hastings,K,Meggison,10/31/1955,F,1511 Meadow View Dr,0,Hartford,CT,6182.0,0,0,0,0,0,Tulsa,Oklahoma,74116.0,00000,0,0,0,19551031,Hastings,Meggison,"['1511', 'meadow', 'view', 'dr']",a1fc0b0f01b5106db94cad7e461b63588db4764d~Meggison,e5d97bbc3bc3613912dd1a0ae15f4cf4978941c6~Meg,57
166,51,167,284308577-2,Flori,0,Matuskiewicz,5/20/1984,F,45863 Gerald Pass,0,GrandRapids,MI,49518.0,Flori,0,Williamson,628 Portage Street,954,Bakersfield,California,93399.0,49518,4,95,18,19840520,Flori,Matuskiewicz,"['45863', 'gerald', 'pass']",fef77faf493eadf82c6a3649ab5878b3126c537b~Matuskiewicz,bb052595eca652136947cb034487ee2be55d6480~Mat,58
167,51,168,0,Flori,0,Matsukiwicks,5/20/1984,U,45863 Gerald Pass,0,GrandRapids,MI,0.0,0,0,0,0,0,0,0,0.0,00000,0,0,0,19840520,Flori,Matsukiwicks,"['45863', 'gerald', 'pass']",7d63e043ddc29a844a0a054582c6513056f2862a~Matsukiwicks,a153b911ca7c75180eb21bc419fee0edf5bf1b30~Mat,59
168,52,169,155349524-1,Anne-marie,0,Keig,8/15/1932,F,474 Annamark Avenue,0,Conroe,TX,77305.0,0,0,0,94007 Golf Course Hill,139,Montgomery,Alabama,36119.0,77305,7,73,5,19320815,Annemarie,Keig,"['474', 'annamark', 'avenue']",571d2d78b83d3b4a8416866d333228fb036d097d~Keig,0cc33070a354b134d4362fb65fad944a60f4139f~Kei,60
169,52,170,458746512,Anne,0,Keig,8/15/1935,F,474 Annamark Ave,0,Conroe,TX,77305.0,0,0,0,94007 Golf Course Hill apt 139,0,Montgomery,AL,36119.0,77305,7,73,5,19350815,Anne,Keig,"['474', 'annamark', 'ave']",b9e79c19145573f74f136123a6abef76c784b253~Keig,d6be634580cedc2192e01734107583a364dc0689~Kei,60
170,52,171,0,Anne,M,Keig,8/15/1932,U,474 Annamark Ave,0,U,TX,77305.0,0,0,0,94007 Golf Course Hill,0,Montgomery,Alabama,36119.0,77305,7,73,5,19320815,Anne,Keig,"['474', 'annamark', 'ave']",9a95ed9e440460503a97380daef4d53e38aa0fea~Keig,a6d1f7f877df7d46976ccd28441c38e6343086b7~Kei,60
171,53,172,404591211-8,Berti,0,Lockie,11/13/1983,F,2729 Springs Junction,0,Arlington,VA,22234.0,0,0,0,5 Sloan Crossing,401,Dallas,Texas,75342.0,22234,2,22,34,19831113,Berti,Lockie,"['2729', 'springs', 'junction']",d6dba921e306b356376b1aad6f0783b1bb8326bd~Lockie,5226788c2be2d7c11a1eefa1ad21825091bf2d60~Loc,61
172,53,173,0,Berti,0,Lockee,11/13/1983,U,2729 Springs Junction,0,Arlington,VA,0.0,0,0,0,5 Sloan Crossing,0,Dallas,TX,0.0,00000,0,0,0,19831113,Berti,Lockee,"['2729', 'springs', 'junction']",779f9beb0053e29ab4862b3b66a6ade32edccf20~Lockee,50698f9ffd0a036f2a63acfc27f113b33fd3bd37~Loc,62
173,53,174,0,Berti,0,Locki,11/13/1983,F,2729 Springs Junction,0,Arlington,VA,22234.0,0,0,0,5 Sloan Crossing,401,Dallas,Texas,75342.0,22234,2,22,34,19831113,Berti,Locki,"['2729', 'springs', 'junction']",d6dba921e306b356376b1aad6f0783b1bb8326bd~Locki,5226788c2be2d7c11a1eefa1ad21825091bf2d60~Loc,61
174,53,175,48521534889,Berti,0,Lockie,10/13/19/3,F,2729 Springs Junction,0,arlinton,VA,22234.0,0,0,0,5 Sloan Crossing,APT401,Dallas,TX,75342.0,22234,2,22,34,191310,Berti,Lockie,"['2729', 'springs', 'junction']",f02b1ed066bbe2690cc1ab7157c382812117e0b3~Lockie,c5c648ec7f0224d03ee736e1f9035192434e7352~Loc,63
175,54,176,265234041-7,Zarah,0,Dake,6/29/2010,F,334 Pearson Lane,0,Stockton,CA,95219.0,Michael,0,Dake,8305 Park Meadow Crossing,7,Minneapolis,Minnesota,55480.0,95219,9,52,19,20100629,Zarah,Dake,"['334', 'pearson', 'lane']",04888074fd8b3f5a89c409e48ff8266b55ac44f2~Dake,c33094266c9f6a907c75aed4a011f9bc72947e44~Dak,64
176,54,177,0,Sarah,0,Dake,6/29/2010,F,334 Pearson Ln,0,Stockton,XX,95219.0,0,0,0,8305 Park Meadow Crossing,APT #7,Mineapolis,0,55480.0,95219,9,52,19,20100629,Sarah,Dake,"['334', 'pearson', 'ln']",0740006566331bd88f24cd2ef874480e516d8167~Dake,7590a4157b7ac84532e834891e28267303cd7b58~Dak,65
177,54,178,265234041-7,Sara,0,Drake,6/29/2010,U,334 Pearson Ln,0,Stockton,CA,0.0,0,0,0,8305 Park Meadow Crossing,0,Minneapolis,Minnesota,0.0,00000,0,0,0,20100629,Sara,Drake,"['334', 'pearson', 'ln']",0b2f935f9e7fb00aba5623fc75a9af36b35affbd~Drake,dd8230a17a2398195e778079aae795b0c12db833~Dra,66
178,55,179,361284643-4,Madison,Gena,Pybus,12/30/1937,M,14 Cardinal Terrace,0,Portland,OR,97211.0,0,0,0,121 Emmet Way,615,Sioux City,Iowa,51110.0,97211,9,72,11,19371230,Madison,Pybus,"['14', 'cardinal', 'terrace']",9a305e4335e85ddf90340cafe37d47f0dfcd7e5c~Pybus,5116d6b54c95dba4627257d857c75364049648c5~Pyb,67
179,55,180,0,Maddie,G,Pybus,12/30/1937,U,14 Cardinal Terace,0,PDX,OR,9721.0,0,0,0,121 Emmet Way,0,Sioux City,IA,51110.0,00000,0,0,0,19371230,Maddie,Pybus,"['14', 'cardinal', 'terace']",e6ed0a926b2f4f24fb2d2481abc441a12df18822~Pybus,ca885489bff91c6126c5ff26021dc7d7a7b7064f~Pyb,68
180,55,181,584121154-1,Madison,0,P,12/20/1937,U,14 Cardinal Terrace,0,Portland,PR,0.0,0,0,0,0,0,0,Iowa,0.0,00000,0,0,0,19371220,Madison,P,"['14', 'cardinal', 'terrace']",50817ecb2ee0fd1174407d0b4d9dae32b1c74abe~P,c8048788a0f58f429143d633206cbc9f94713e60~XXP,69
181,55,182,0,Madison,0,Piebus,12/30/1937,M,14 Cardinal Terrace,0,Portland,OR,97211.0,0,0,0,121 Emmet Way,615,Sioux City,Iowa,51110.0,97211,9,72,11,19371230,Madison,Piebus,"['14', 'cardinal', 'terrace']",9a305e4335e85ddf90340cafe37d47f0dfcd7e5c~Piebus,5116d6b54c95dba4627257d857c75364049648c5~Pie,70
182,56,183,488721348,Madison,Q,Pybus,5/24/2013,F,4454 Spadafore Dr,0,Vancouver,WA,98683.0,0,0,0,0,0,0,0,0.0,98683,9,86,83,20130524,Madison,Pybus,"['4454', 'spadafore', 'dr']",1484aa169b9aba14472331c121984312c25a0a33~Pybus,66d4ea44c0f354918b982828254f05b5291678b8~Pyb,71
183,57,184,101138829-4,Early,0,Burnyeat,9/26/1991,U,66 Pierstorff Ave,0,NewCastle,PA,16107.0,0,0,0,0,0,0,0,0.0,16107,1,61,7,19910926,Early,Burnyeat,"['66', 'pierstorff', 'ave']",ff84dcbd4c4ba5aa142a5aeb68a8f73e4e4294df~Burnyeat,c34dd55ecdc014471ece9150d80b6748b97329ad~Bur,72
184,57,185,101518532,Earlie,J,Burnyeat,9/26/1991,U,66 Pierstorff Avenue,0,NewCastle,PA,16107.0,0,0,0,0,0,0,0,0.0,16107,1,61,7,19910926,Earlie,Burnyeat,"['66', 'pierstorff', 'avenue']",bc23b1c1460a69d06b16793bf34bf7f5c60c6a65~Burnyeat,c34dd55ecdc014471ece9150d80b6748b97329ad~Bur,72
185,57,186,101138829-6,Hearly,J,Burniet,9/26/19991,U,66 Pierstorff Ave,Apartment 569,NewCastle,PA,1610.0,0,0,0,0,0,0,0,0.0,00000,0,0,0,19991269,Hearly,Burniet,"['66', 'pierstorff', 'ave']",591344ad7d89b7b4313caa558e28306c3d56a4ac~Burniet,d5628448805999eebab0307a3516dddcb2a85aa3~Bur,73
186,58,187,PAT10222JV,J,0,Vu,12/15/1970,F,1619 78th Road,0,Vancouver,WA,98683.0,0,0,0,0,0,0,0,0.0,98683,9,86,83,19701215,J,Vu,"['1619', '78th', 'road']",343143f522e9c22e06b21b108c6ee79d3c89ca80~Vu,b31e26150411ea0faea18cf903e4ef46c95acdb0~XVu,74
187,58,188,PAT10222JV,J,0,Vu,12/15/1970,F,1619 78th Rd,0,Vancouver,WA,98683.0,0,0,0,0,0,0,0,0.0,98683,9,86,83,19701215,J,Vu,"['1619', '78th', 'rd']",343143f522e9c22e06b21b108c6ee79d3c89ca80~Vu,b31e26150411ea0faea18cf903e4ef46c95acdb0~XVu,74
188,58,189,0,Ja,0,Vue,12/15/1970,F,1619 78th Rode,0,Vancouver,WA,98683.0,0,0,0,0,0,0,0,0.0,98683,9,86,83,19701215,Ja,Vue,"['1619', '78th', 'rode']",55676368fb3a916a04be0843d3fc46cac83cb026~Vue,7e0821f6df2ec9974ec0784653af9f7f2728754c~Vue,74
189,58,190,0,Jah,0,Vu,12/15/1970,F,1619 78th Roed,0,Vancouver,WA,98683.0,0,0,0,0,0,0,0,0.0,98683,9,86,83,19701215,Jah,Vu,"['1619', '78th', 'roed']",2333d8947429a7ced11df177257b0e37a895e5a9~Vu,2333d8947429a7ced11df177257b0e37a895e5a9~XVu,74
190,59,191,1000TF1,T.J.,S,Fry,5/5/1986,F,12405 Teiter Heights E,0,Kelso,WA,98626.0,0,0,0,0,0,0,0,0.0,98626,9,86,26,19860505,TJ,Fry,"['12405', 'teiter', 'heights', 'e']",f2a7fee03da29c484363f4253d1e01974762cd9d~Fry,12c15f9975e2cacf1f6e7c7983c04ad095300ffe~Fry,75
191,59,192,0,T-Jay,S,Fry,5/5/1986,F,12405 Teiter Heights E,0,Kelso,WA,98626.0,0,0,0,0,0,0,0,0.0,98626,9,86,26,19860505,TJay,Fry,"['12405', 'teiter', 'heights', 'e']",30c86846b7202cd77c5db4d431fd92491896637c~Fry,6c5b9d5c9ddecf11df56f5e514bb4a3da700cae3~Fry,75
192,59,193,0,T-J,Sarah,Frye,5/5/1986,F,12405 Teiter Heights E,0,Kelso,WA,98626.0,0,0,0,0,0,0,0,0.0,98626,9,86,26,19860505,TJ,Frye,"['12405', 'teiter', 'heights', 'e']",6c5b9d5c9ddecf11df56f5e514bb4a3da700cae3~Frye,6c5b9d5c9ddecf11df56f5e514bb4a3da700cae3~Fry,75
193,59,194,0,TJ,Sara,Fry,5/5/1986,F,12405 Teiter Heights E,0,Kelso,WA,98626.0,0,0,0,0,0,0,0,0.0,98626,9,86,26,19860505,TJ,Fry,"['12405', 'teiter', 'heights', 'e']",4ae738a7ef8caf64822f89db1a3c05c76d2a5968~Fry,ff5d6b1bc5b5884dd7fbf469b677d4609ca56945~Fry,75
194,60,195,0,Todd,0,Jones,12/1/2015,M,15424 Jeffies Lane,Apt 2,Vancouver,WA,98683.0,0,0,0,0,0,0,0,0.0,98683,9,86,83,20151201,Todd,Jones,"['15424', 'jeffies', 'lane']",6c9a61664560533964d8e515a28f42ff1e20b0e5~Jones,79ebb8197d804349bffe76305b120bd0921f6126~Jon,76
195,60,196,0,Tom,0,Jones,12/1/2015,M,15424 Jeffies Lane,Apt 2,Vancouver,WA,98683.0,0,0,0,0,0,0,0,0.0,98683,9,86,83,20151201,Tom,Jones,"['15424', 'jeffies', 'lane']",52ae1970953e14fccbb39e253215d13656a5f7c5~Jones,52ae1970953e14fccbb39e253215d13656a5f7c5~Jon,76
196,61,197,0,Bill,0,Smith,5/16/1972,M,16595 City View Lane,0,Vancouver,WA,98684.0,0,0,0,0,0,0,0,0.0,98684,9,86,84,19720516,Bill,Smith,"['16595', 'city', 'view', 'lane']",4c04d8977da3a043584cd6190536d8f576e6b9b2~Smith,12ac8663b465bc1eabfd52456161e3587a332fc1~Smi,77
197,62,198,0,Bill,0,Smith,5/16/1972,M,0,0,U,XX,0.0,0,0,0,0,0,0,0,0.0,00000,0,0,0,19720516,Bill,Smith,U,4c04d8977da3a043584cd6190536d8f576e6b9b2~Smith,12ac8663b465bc1eabfd52456161e3587a332fc1~Smi,77
198,63,199,0,Sarah,0,Field,3/17/2010,F,9850 Kelso Road,0,Kelso,WA,98626.0,0,0,0,0,0,0,0,0.0,98626,9,86,26,20100317,Sarah,Field,"['9850', 'kelso', 'road']",caf30d9710cf2852506b6752a27a3c84e5180271~Field,c0d4a6a68381657e4b4ab1a7abde60cbb1358e48~Fie,78
199,64,200,0,Sara,0,Field,3/17/2010,F,0,0,U,XX,0.0,0,0,0,0,0,0,0,0.0,00000,0,0,0,20100317,Sara,Field,U,10d69a413a0841682292498fceef1edf6498641e~Field,c0d4a6a68381657e4b4ab1a7abde60cbb1358e48~Fie,78
200,65,201,0,Sara,0,Field,3/17/2010,F,0,0,U,XX,0.0,0,0,0,0,0,0,0,0.0,00000,0,0,0,20100317,Sara,Field,U,10d69a413a0841682292498fceef1edf6498641e~Field,c0d4a6a68381657e4b4ab1a7abde60cbb1358e48~Fie,78
